,company,title,zps,link,reqs
0,NodaSoft,Системный аналитик (удаленно),от 175 000 руб.,https://hh.ru/vacancy/76781305?from=vacancy_search_list&query=%D0%BF%D1%80%D0%BE%D0%B4%D1%83%D0%BA%D1%82%D0%BE%D0%B2%D1%8B%D0%B9+%D0%B0%D0%BD%D0%B0%D0%BB%D0%B8%D1%82%D0%B8%D0%BA,анализ клиентских бизнес-процессов и формирование решений бизнес-задач;// создание прототипов пользовательских интерфейсов;// разработка технических заданий и участие в запуске разработанных функций.
1,ООО Альфасео,Аналитик / Продуктовый аналитик,от 150 000 руб.,https://hh.ru/vacancy/79469290?from=vacancy_search_list&query=%D0%BF%D1%80%D0%BE%D0%B4%D1%83%D0%BA%D1%82%D0%BE%D0%B2%D1%8B%D0%B9+%D0%B0%D0%BD%D0%B0%D0%BB%D0%B8%D1%82%D0%B8%D0%BA,"Высшее образование// Аналитический склад ума, внимательность к цифрам и деталям// Опыт работы в 1С: УТ, продвинутый пользователь Excel// Опыт работы в сфере продакт-менеджмента и продуктового анализа// Опыт работы с контрактными производствами в РФ и за рубежом (преимущественно пищевые продукты, БАД, косметика)// Самостоятельность в работе и ответственность за результат// Здоровая инициатива и желание участия в кроссфункциональных проектных командах// Английский язык - не ниже intermediate// Отличные коммуникативные навыки"
2,ООО 24Н Софт,По вашему запросу ещё будут появляться новые вакансии. Присылать вам?,от 150 000 руб.,https://hh.ru/vacancy/78192324?from=vacancy_search_list&query=%D0%BF%D1%80%D0%BE%D0%B4%D1%83%D0%BA%D1%82%D0%BE%D0%B2%D1%8B%D0%B9+%D0%B0%D0%BD%D0%B0%D0%BB%D0%B8%D1%82%D0%B8%D0%BA,"Имеет опыт полного цикла аналитического исследования: от сбора данных до презентации.// Владеет SQL.// Владеет Python для работы с большим объемом данных.// Умеет визуализировать данные (презентации, построение дашбордов).// Понимает основы математической статистики на уровне умения объяснить, что такое АB тест, как определяется статистическая значимость в тесте.// Обладает знанием веб-аналитики и основных систем. Знает где в консоли браузера можно посмотреть запрос к серверу; понимает, чем отличаются GA и Firebase; умеет прочитать JSON.// Умеет читать техническую документацию английском языке."
3,Like Центр,Продуктовый аналитик,от 150 000 руб.,https://hh.ru/vacancy/78725974?from=vacancy_search_list&query=%D0%BF%D1%80%D0%BE%D0%B4%D1%83%D0%BA%D1%82%D0%BE%D0%B2%D1%8B%D0%B9+%D0%B0%D0%BD%D0%B0%D0%BB%D0%B8%D1%82%D0%B8%D0%BA,
4,ООО Виноторговая компания Форт,Продуктовый аналитик-исследователь,от 55 000 руб.,https://hh.ru/vacancy/79203186?from=vacancy_search_list&query=%D0%BF%D1%80%D0%BE%D0%B4%D1%83%D0%BA%D1%82%D0%BE%D0%B2%D1%8B%D0%B9+%D0%B0%D0%BD%D0%B0%D0%BB%D0%B8%D1%82%D0%B8%D0%BA,"Квотирование товара: принятие решения о перераспределение товара по квотам направлений продаж в связи с изменившейся потребностью;// Резервирование товара: принятие решения о целесообразности резервирования товара, расформировании;// Сбор и консолидация планов продаж: новинки, корректировки (листинг/делистинг);// Сбор и консолидация отчетов по ПДЗ;// Аналитическая отчётность: регулярная и по запросу руководителя."
5,Like Центр,Продуктовый аналитик (младший),до 80 000 руб.,https://hh.ru/vacancy/79654210?from=vacancy_search_list&query=%D0%BF%D1%80%D0%BE%D0%B4%D1%83%D0%BA%D1%82%D0%BE%D0%B2%D1%8B%D0%B9+%D0%B0%D0%BD%D0%B0%D0%BB%D0%B8%D1%82%D0%B8%D0%BA,
6,WAZZUP,Продуктовый аналитик,до 150 000 руб.,https://hh.ru/vacancy/78690874?from=vacancy_search_list&query=%D0%BF%D1%80%D0%BE%D0%B4%D1%83%D0%BA%D1%82%D0%BE%D0%B2%D1%8B%D0%B9+%D0%B0%D0%BD%D0%B0%D0%BB%D0%B8%D1%82%D0%B8%D0%BA,"Улучшать продуктовые метрики;// Проектировать и проводить эксперименты, A/B-тесты;// Отслеживать состояние метрик продукта, искать причины отклонений и возможности для роста;// Выдвигать и проверять гипотезы по улучшению пользовательской воронки."
7,Чиббис,Продуктовый аналитик / Продакт-менеджер,120 000 – 160 000 руб.,https://hh.ru/vacancy/78850529?from=vacancy_search_list&query=%D0%BF%D1%80%D0%BE%D0%B4%D1%83%D0%BA%D1%82%D0%BE%D0%B2%D1%8B%D0%B9+%D0%B0%D0%BD%D0%B0%D0%BB%D0%B8%D1%82%D0%B8%D0%BA,"опыт с API Яндекс Метрики, Яндекс Директ, AppMetrica, VK// SQL на высоком уровне (подзапросы, оконные функции, и проч.), чтобы доставать данные для исследований, и строить витрины данных под дашборды// Python с хорошим владением pandas / numpy / библиотеками визуализации для проведения исследований и предоставления их результатов в понятном виде// понимание основ теории вероятности и статистики// продуктовое мышление, чтобы не зарываться в данных, а доставать инсайты, полезные для развития бизнеса// автономность и проактивность"
8,Sensemachine,Продуктовый аналитик | Product Analyst,до 120 000 руб.,https://hh.ru/vacancy/79152459?from=vacancy_search_list&query=%D0%BF%D1%80%D0%BE%D0%B4%D1%83%D0%BA%D1%82%D0%BE%D0%B2%D1%8B%D0%B9+%D0%B0%D0%BD%D0%B0%D0%BB%D0%B8%D1%82%D0%B8%D0%BA,"Знающий методы проведения количественных исследований, основ статистики и теории вероятности// Понимающий методологию социологических исследований// С опытом самостоятельного написания аналитических отчетов// С аналитическими навыками: строить гипотезы, структурировать информацию, видеть закономерности в данных// С бизнес-ориентированным мышлением: формулировать практические выводы по данным// Обладающий продвинутыми навыками Excel// Со знанием английского языка не ниже Intermediate"
9,Фрифлекс,Продуктовый аналитик / Product Analyst,от 160 000 руб.,https://hh.ru/vacancy/78694897?from=vacancy_search_list&query=%D0%BF%D1%80%D0%BE%D0%B4%D1%83%D0%BA%D1%82%D0%BE%D0%B2%D1%8B%D0%B9+%D0%B0%D0%BD%D0%B0%D0%BB%D0%B8%D1%82%D0%B8%D0%BA,"Отличное знание SQL, понимание основ реляционных баз данных;// Опыт работы с DWH;// Опыт работы с BI-системами;// Опыт с Python и библиотек анализа данных (Pandas, SciPy);// Приемлемые для статистических выводов знания в области математической статистики;// Принятие решений на основе данных. Data-centic подход;// Опыт работы с гипотезами. Опыт A/B-тестов;// Желателен опыт с системами аналитики, трекинга.// Приветствуется высшее образование в сфере информационных технологий;// Проактивный подход, бодрость духа"
10,"Ресурс, ГАП",Аналитик данных / Data Analyst / BI-аналитик,от 150 000 руб.,https://hh.ru/vacancy/79414249?from=vacancy_search_list&query=%D0%BF%D1%80%D0%BE%D0%B4%D1%83%D0%BA%D1%82%D0%BE%D0%B2%D1%8B%D0%B9+%D0%B0%D0%BD%D0%B0%D0%BB%D0%B8%D1%82%D0%B8%D0%BA,
11,ООО Нью Слип Технолоджи,Аналитик,от 35 000 руб.,https://hh.ru/vacancy/78613647?from=vacancy_search_list&query=%D0%BF%D1%80%D0%BE%D0%B4%D1%83%D0%BA%D1%82%D0%BE%D0%B2%D1%8B%D0%B9+%D0%B0%D0%BD%D0%B0%D0%BB%D0%B8%D1%82%D0%B8%D0%BA,
12,Swordfish Security,Аналитик (Удалённо),250 000 – 300 000 руб.,https://hh.ru/vacancy/77850578?from=vacancy_search_list&query=%D0%BF%D1%80%D0%BE%D0%B4%D1%83%D0%BA%D1%82%D0%BE%D0%B2%D1%8B%D0%B9+%D0%B0%D0%BD%D0%B0%D0%BB%D0%B8%D1%82%D0%B8%D0%BA,Наличие опыта работы системным аналитиком в проектах по разработке ПО от 2-х лет (преимуществом будем навык работы в сфере продуктовой разработки);// Опыт работы в проектной команде:
13,РОССКО,Системный аналитик,до 210 000 руб.,https://hh.ru/vacancy/78399541?from=vacancy_search_list&query=%D0%BF%D1%80%D0%BE%D0%B4%D1%83%D0%BA%D1%82%D0%BE%D0%B2%D1%8B%D0%B9+%D0%B0%D0%BD%D0%B0%D0%BB%D0%B8%D1%82%D0%B8%D0%BA,
14,Visotsky Inc,Продуктовый аналитик,1 700 – 2 000 USD,https://hh.ru/vacancy/79108322?from=vacancy_search_list&query=%D0%BF%D1%80%D0%BE%D0%B4%D1%83%D0%BA%D1%82%D0%BE%D0%B2%D1%8B%D0%B9+%D0%B0%D0%BD%D0%B0%D0%BB%D0%B8%D1%82%D0%B8%D0%BA,"Контракт с американской компанией;// Продукт за который не стыдно, с перспективой выхода на рынки разных стран;// Бонусы за реализованные продукты;// Выплата заработной платы каждые 2 недели;// Приятная команда;// Адекватный менеджмент (никаких Иван Иванович и т.д. …)// 100% удаленная работа с удобным графиком;"
15,Випсервис,Бизнес-аналитик,100 000 – 120 000 руб.,https://hh.ru/vacancy/78475328?from=vacancy_search_list&query=%D0%BF%D1%80%D0%BE%D0%B4%D1%83%D0%BA%D1%82%D0%BE%D0%B2%D1%8B%D0%B9+%D0%B0%D0%BD%D0%B0%D0%BB%D0%B8%D1%82%D0%B8%D0%BA,
16,Передовые Технологии,Продуктовый аналитик,180 000 – 250 000 руб.,https://hh.ru/vacancy/79072373?from=vacancy_search_list&query=%D0%BF%D1%80%D0%BE%D0%B4%D1%83%D0%BA%D1%82%D0%BE%D0%B2%D1%8B%D0%B9+%D0%B0%D0%BD%D0%B0%D0%BB%D0%B8%D1%82%D0%B8%D0%BA,"опыт работы системным аналитиком от 1 года;// желание и умение глубоко погружаться в предметную область;// понимание принципов построения REST-архитектуры, особенности синхронных и асинхронных контрактов, паттерны проектирования и разработки;// опыт работы с микросервисной архитектурой;// опыт декомпозиции этапов на задачи;// опыт написания и согласования функциональных требований, нефункциональных требований, технических заданий;// опыт работы в командах, использующих гибкие методологии разработки, понимание принципов общения с разработчиками."
17,Профи (profi.ru),Системный аналитик/System analyst,200 000 – 300 000 руб.,https://hh.ru/vacancy/79392122?from=vacancy_search_list&query=%D0%BF%D1%80%D0%BE%D0%B4%D1%83%D0%BA%D1%82%D0%BE%D0%B2%D1%8B%D0%B9+%D0%B0%D0%BD%D0%B0%D0%BB%D0%B8%D1%82%D0%B8%D0%BA,
18,Appie.tech,Продуктовый аналитик в команду «Маркетплейс»,до 150 000 руб.,https://hh.ru/vacancy/79531244?from=vacancy_search_list&query=%D0%BF%D1%80%D0%BE%D0%B4%D1%83%D0%BA%D1%82%D0%BE%D0%B2%D1%8B%D0%B9+%D0%B0%D0%BD%D0%B0%D0%BB%D0%B8%D1%82%D0%B8%D0%BA,"Опыт работы в продуктовой команде;// Вы умеете ставить качественное техническое задание в задаче;// Знаете как декомпозировать крупные задачи;// Аргументированно доносите свою точку зрения;// Принимаете решения в условиях неопределенности;// У вас технический бэкграунд – понимаете, как архитектурно устроены сервисы;// У вас есть опыт работы в беттинге, гэмблинге, МФО или банке;// Вы работали в jira."
19,Mindbox,Бизнес-аналитик / Системный аналитик (Betting&iGaming),150 000 – 170 000 руб.,https://hh.ru/vacancy/78305730?from=vacancy_search_list&query=%D0%BF%D1%80%D0%BE%D0%B4%D1%83%D0%BA%D1%82%D0%BE%D0%B2%D1%8B%D0%B9+%D0%B0%D0%BD%D0%B0%D0%BB%D0%B8%D1%82%D0%B8%D0%BA,
20,ООО ProfIT Family,Аналитик (финансы и продукт),от 200 000 руб.,https://hh.ru/vacancy/77835036?from=vacancy_search_list&query=%D0%BF%D1%80%D0%BE%D0%B4%D1%83%D0%BA%D1%82%D0%BE%D0%B2%D1%8B%D0%B9+%D0%B0%D0%BD%D0%B0%D0%BB%D0%B8%D1%82%D0%B8%D0%BA,"Опыт в проектирование API, архитектуры, уметь мыслить в категориях объектно-ориентированного анализа/проектирования.// Общие знания в области менеджмента и экономики// Умение составлять SQL-запросы; знание основ программирования, проектирования, разработки ПО; знание основ теории алгоритмов, теории баз данных, теории систем и системного анализа, а также безопасности информации// Использовал разный стек, как по сбору данных, так и в реализации. БД (ClickHouse, HDFS+Hive, Aerospike)// Работа с большими массивами данных (обработка, хранение) - SQL, Postgress, Infinispan, Cassandra// Опыт работы с ML алгоритмами крайне желателен (деревья решений, доверительные интервалы, рекомендательные системы, регрессия)"
21,Ameli Soul,Дата аналитик / Системный аналитик в adtech,от 70 000 руб.,https://hh.ru/vacancy/79105527?from=vacancy_search_list&query=%D0%BF%D1%80%D0%BE%D0%B4%D1%83%D0%BA%D1%82%D0%BE%D0%B2%D1%8B%D0%B9+%D0%B0%D0%BD%D0%B0%D0%BB%D0%B8%D1%82%D0%B8%D0%BA,
22,ООО Автомакон,"Аналитик данных (удаленно, онлайн-школа)",150 000 – 300 000 руб.,https://hh.ru/vacancy/78998577?from=vacancy_search_list&query=%D0%BF%D1%80%D0%BE%D0%B4%D1%83%D0%BA%D1%82%D0%BE%D0%B2%D1%8B%D0%B9+%D0%B0%D0%BD%D0%B0%D0%BB%D0%B8%D1%82%D0%B8%D0%BA,"Высшее техническое или экономическое образование;// Обязательное знание SQL, умение формировать запросы в SQL;// Завершенные проекты по разработке программных продуктов с нуля в качестве аналитика;"
23,Платформа Больших Данных,Системный аналитик,350 000 – 350 000 руб.,https://hh.ru/vacancy/79315007?from=vacancy_search_list&query=%D0%BF%D1%80%D0%BE%D0%B4%D1%83%D0%BA%D1%82%D0%BE%D0%B2%D1%8B%D0%B9+%D0%B0%D0%BD%D0%B0%D0%BB%D0%B8%D1%82%D0%B8%D0%BA,Партнерские отношения// Энергию и смелость действовать// Гибкость в подходах и коммуникациях// Ориентацию на результат
24,ООО Апптимизм,Product Owner (IT),160 000 – 260 000 руб.,https://hh.ru/vacancy/79259564?from=vacancy_search_list&query=%D0%BF%D1%80%D0%BE%D0%B4%D1%83%D0%BA%D1%82%D0%BE%D0%B2%D1%8B%D0%B9+%D0%B0%D0%BD%D0%B0%D0%BB%D0%B8%D1%82%D0%B8%D0%BA,
25,Luxemo Limited,Бизнес-аналитик отдела производства,от 4 000 USD,https://hh.ru/vacancy/79143443?from=vacancy_search_list&query=%D0%BF%D1%80%D0%BE%D0%B4%D1%83%D0%BA%D1%82%D0%BE%D0%B2%D1%8B%D0%B9+%D0%B0%D0%BD%D0%B0%D0%BB%D0%B8%D1%82%D0%B8%D0%BA,Формирование и развитие команды ML с нуля.// Исследование данных из множества источников с целью формулирования гипотез.// Разработка и внедрение моделей персонализации.// Оценка неуверенности моделей.// Формулирование метрик рекомендательных инструментов и их связь с продуктовыми метриками.
26,ООО Ок Софт,Product Manager (Data Science),от 150 000 руб.,https://hh.ru/vacancy/79146431?from=vacancy_search_list&query=%D0%BF%D1%80%D0%BE%D0%B4%D1%83%D0%BA%D1%82%D0%BE%D0%B2%D1%8B%D0%B9+%D0%B0%D0%BD%D0%B0%D0%BB%D0%B8%D1%82%D0%B8%D0%BA,"Сильные знания SQL, умение работать с реляционными СУБД (мы используем Postgres)// Практические навыки в data-аналитике, продуктовой аналитике, бизнес-аналитике от двух лет// Умение самостоятельно принимать решения на основе данных, аргументировать их и рассказывать о своих результатах// Знание PowerBI, DAX, или глубокие знания схожих инструментов аналитики// Хорошее знание мат. статистики и теории вероятности, системное мышление и аналитический склад ума// Знание основ Python. Опыт применения Python в автоматизации и работе с данными (как плюс)// Знание английского языка (B2+)"
27,AllTime,Data Analyst,от 100 000 руб.,https://hh.ru/vacancy/79519394?from=vacancy_search_list&query=%D0%BF%D1%80%D0%BE%D0%B4%D1%83%D0%BA%D1%82%D0%BE%D0%B2%D1%8B%D0%B9+%D0%B0%D0%BD%D0%B0%D0%BB%D0%B8%D1%82%D0%B8%D0%BA,опыт работы системным аналитиком от 1 года;// желание и умение глубоко погружаться в предметную область.
28,Компания 05.ру,Системный аналитик / Продакт-менеджер,100 000 – 200 000 руб.,https://hh.ru/vacancy/79398550?from=vacancy_search_list&query=%D0%BF%D1%80%D0%BE%D0%B4%D1%83%D0%BA%D1%82%D0%BE%D0%B2%D1%8B%D0%B9+%D0%B0%D0%BD%D0%B0%D0%BB%D0%B8%D1%82%D0%B8%D0%BA,"Аналитический склад ума, коммуникативные навыки, умение вести документацию, самостоятельность и самоорганизация;// Умение составлять user case диаграммы, модели данных и диаграммы связей (mindmaps);// Опыт работы с нотациями AS IS и TO BE, сервисами Airtable, Drawio и составлением матрицы переходов."
29,АО Л.Арго,Функциональный аналитик,от 100 000 руб.,https://hh.ru/vacancy/78688361?from=vacancy_search_list&query=%D0%BF%D1%80%D0%BE%D0%B4%D1%83%D0%BA%D1%82%D0%BE%D0%B2%D1%8B%D0%B9+%D0%B0%D0%BD%D0%B0%D0%BB%D0%B8%D1%82%D0%B8%D0%BA,"Подготовка отчетов для анализа тенденций рынка для потенциального применения в компании// Расчёт потребностей компании и формирование прогноза продаж на уровне SKU, основываясь на аналитике продаж за предыдущий период, используя данные о времени начала продаж// Анализ и учёт при построении прогноза продаж различных активностей отдела маркетинга/трейд маркетинга: промо активности, медиа план, приоритеты месяца/периода// Участие в формировании плана закупок. Анализ и контроль медленно продаваемых продуктов// Разработка и совершенствование инструментов планирования, формирование требований для автоматизации// Осуществление постоянного контроля за соответствием запланированных и текущих продаж для своевременной коррекции заказов для производства// Мониторинг состояния товарных остатков на складе клиентов. Регулярное осуществление информационно-статистической поддержки отдела продаж и других вовлеченных в процесс сотрудников"
30,ООО Водоходъ.Технологии,Товарный аналитик,от 170 000 руб.,https://hh.ru/vacancy/79464781?from=vacancy_search_list&query=%D0%BF%D1%80%D0%BE%D0%B4%D1%83%D0%BA%D1%82%D0%BE%D0%B2%D1%8B%D0%B9+%D0%B0%D0%BD%D0%B0%D0%BB%D0%B8%D1%82%D0%B8%D0%BA,Сбор и анализ бизнес и функциональных требований;// Согласование и формализация требований;// Проработка интеграционных решений;// Формирование проектной документации;// Проработка функциональных сервисов и алгоритмов обработки информации// Постановка задач команде разработки// Выполнение авторской приемки// Координация процесса разработки и тестирования;
31,ООО НОВАЯ СТУДИЯ,Системный аналитик,от 120 000 руб.,https://hh.ru/vacancy/77468242?from=vacancy_search_list&query=%D0%BF%D1%80%D0%BE%D0%B4%D1%83%D0%BA%D1%82%D0%BE%D0%B2%D1%8B%D0%B9+%D0%B0%D0%BD%D0%B0%D0%BB%D0%B8%D1%82%D0%B8%D0%BA,
32,ООО Дрожь Бьюти,Аналитик,от 70 000 руб.,https://hh.ru/vacancy/79303970?from=vacancy_search_list&query=%D0%BF%D1%80%D0%BE%D0%B4%D1%83%D0%BA%D1%82%D0%BE%D0%B2%D1%8B%D0%B9+%D0%B0%D0%BD%D0%B0%D0%BB%D0%B8%D1%82%D0%B8%D0%BA,"Интеграция информации из личных кабинетов и систем учета в единые формы отчетов (BI анализ)// Создание форм отчетов, нормализация данных// Формирование отчетов и шаблонов для 1С и Мой Склад в Excel// Формирование и актуализация отчетов в Power BI / Data Lens / Data Studio// Написание скриптов для автоматизации и взаимодействия между Мой Склад и СДЭК посредством API// Формировать и поддерживать БД компании"
33,RALF RINGER,Аналитик данных,от 70 000 руб.,https://hh.ru/vacancy/79547429?from=vacancy_search_list&query=%D0%BF%D1%80%D0%BE%D0%B4%D1%83%D0%BA%D1%82%D0%BE%D0%B2%D1%8B%D0%B9+%D0%B0%D0%BD%D0%B0%D0%BB%D0%B8%D1%82%D0%B8%D0%BA,
34,ООО АЙТИ.СПЕЙС,Продуктовый аналитик,200 000 – 350 000 руб.,https://hh.ru/vacancy/78934518?from=vacancy_search_list&query=%D0%BF%D1%80%D0%BE%D0%B4%D1%83%D0%BA%D1%82%D0%BE%D0%B2%D1%8B%D0%B9+%D0%B0%D0%BD%D0%B0%D0%BB%D0%B8%D1%82%D0%B8%D0%BA,
35,Профи (profi.ru),Фуллстек аналитик (Финтех),300 000 – 390 000 руб.,https://hh.ru/vacancy/67773818?from=vacancy_search_list&query=%D0%BF%D1%80%D0%BE%D0%B4%D1%83%D0%BA%D1%82%D0%BE%D0%B2%D1%8B%D0%B9+%D0%B0%D0%BD%D0%B0%D0%BB%D0%B8%D1%82%D0%B8%D0%BA,
36,ООО Онлайн-школа Фоксфорд,Старший продуктовый аналитик в команду «Поиск заказов»,до 200 000 руб.,https://hh.ru/vacancy/78643554?from=vacancy_search_list&query=%D0%BF%D1%80%D0%BE%D0%B4%D1%83%D0%BA%D1%82%D0%BE%D0%B2%D1%8B%D0%B9+%D0%B0%D0%BD%D0%B0%D0%BB%D0%B8%D1%82%D0%B8%D0%BA,"релевантный опыт в продуктовой команде от 1 года;// SQL на высоком уровне (у нас PostgreSQL на продакшене и ClickHouse в DWH);// опыт работы с BI системами (Tableau, QlikView, Metabase).// понимание базовых бизнес-процессов в EdTech (или интерес к сфере и желание быстро вникнуть :));// умение аргументировано и понятно излагать свои мысли;// умение общаться на одном языке с бизнесом и разработкой."
37,FunBox,Продуктовый аналитик (EdTech) / middle+,до 250 000 руб.,https://hh.ru/vacancy/76904680?from=vacancy_search_list&query=%D0%BF%D1%80%D0%BE%D0%B4%D1%83%D0%BA%D1%82%D0%BE%D0%B2%D1%8B%D0%B9+%D0%B0%D0%BD%D0%B0%D0%BB%D0%B8%D1%82%D0%B8%D0%BA,"Умение собирать требования с заказчика (как с внешнего, так и с внутреннего);// Умение формировать документацию от бизнес-требований до алгоритмов работы системы для передачи в разработку;// Умение проектировать решения исходя из минимальных/максимальных требований и их приоритета (MVP/пилоты/выделение этапности) и аргументировано обосновывать выбранное решение;// Умение выделять цели, задачи, потребителей разрабатываемой функциональности;// Умение писать непротиворечивую, полную и понятную документацию, достаточную для передачи в разработку;// Имеете опыт проектирования и описания интеграционных взаимодействий систем или модулей систем."
38,Prime Sport,Системный аналитик,100 000 – 120 000 руб.,https://hh.ru/vacancy/78963344?from=vacancy_search_list&query=%D0%BF%D1%80%D0%BE%D0%B4%D1%83%D0%BA%D1%82%D0%BE%D0%B2%D1%8B%D0%B9+%D0%B0%D0%BD%D0%B0%D0%BB%D0%B8%D1%82%D0%B8%D0%BA,"Уверенный пользователь ПК (1С УТ, Excel, ВПР, свободные таблицы, инструменты прогнозирования, использование макросов, знание SQL);// Умение и желание работать в режиме многозадачности и с большими массивами данных;// Опыт работы не менее 2-х лет в аналогичной должности;// Английский, (не ниже среднего)"
39,Сбер для экспертов,Продуктовый Аналитик,от 204 284 руб.,https://hh.ru/vacancy/79225928?from=vacancy_search_list&query=%D0%BF%D1%80%D0%BE%D0%B4%D1%83%D0%BA%D1%82%D0%BE%D0%B2%D1%8B%D0%B9+%D0%B0%D0%BD%D0%B0%D0%BB%D0%B8%D1%82%D0%B8%D0%BA,
40,Профи (profi.ru),Бизнес-аналитик (аналитик данных),200 000 – 300 000 руб.,https://hh.ru/vacancy/76504024?from=vacancy_search_list&query=%D0%BF%D1%80%D0%BE%D0%B4%D1%83%D0%BA%D1%82%D0%BE%D0%B2%D1%8B%D0%B9+%D0%B0%D0%BD%D0%B0%D0%BB%D0%B8%D1%82%D0%B8%D0%BA,
41,SOAK,Продуктовый аналитик в кластер «Клиенты»,от 120 000 руб.,https://hh.ru/vacancy/78837221?from=vacancy_search_list&query=%D0%BF%D1%80%D0%BE%D0%B4%D1%83%D0%BA%D1%82%D0%BE%D0%B2%D1%8B%D0%B9+%D0%B0%D0%BD%D0%B0%D0%BB%D0%B8%D1%82%D0%B8%D0%BA,
42,Технолайт,Маркетолог-аналитик,от 130 000 руб.,https://hh.ru/vacancy/79595543?from=vacancy_search_list&query=%D0%BF%D1%80%D0%BE%D0%B4%D1%83%D0%BA%D1%82%D0%BE%D0%B2%D1%8B%D0%B9+%D0%B0%D0%BD%D0%B0%D0%BB%D0%B8%D1%82%D0%B8%D0%BA,
43,Enjoypro,Маркетолог-аналитик,180 000 – 250 000 руб.,https://hh.ru/vacancy/78565381?from=vacancy_search_list&query=%D0%BF%D1%80%D0%BE%D0%B4%D1%83%D0%BA%D1%82%D0%BE%D0%B2%D1%8B%D0%B9+%D0%B0%D0%BD%D0%B0%D0%BB%D0%B8%D1%82%D0%B8%D0%BA,
44,Доктор на работе,Системный аналитик,60 000 – 80 000 руб.,https://hh.ru/vacancy/78821677?from=vacancy_search_list&query=%D0%BF%D1%80%D0%BE%D0%B4%D1%83%D0%BA%D1%82%D0%BE%D0%B2%D1%8B%D0%B9+%D0%B0%D0%BD%D0%B0%D0%BB%D0%B8%D1%82%D0%B8%D0%BA,
45,Группа компаний РБЕ (RBE Group),Аналитик\продакт-менеджер,до 120 000 руб.,https://hh.ru/vacancy/77762862?from=vacancy_search_list&query=%D0%BF%D1%80%D0%BE%D0%B4%D1%83%D0%BA%D1%82%D0%BE%D0%B2%D1%8B%D0%B9+%D0%B0%D0%BD%D0%B0%D0%BB%D0%B8%D1%82%D0%B8%D0%BA,"Комплексная аналитика в сфере B2B/B2G/B2C (отраслевая, продуктовая, техническая, потребительская, конкурентная).// Мониторинг и систематизация данных из государственной системы промышленности, Росстата, специализированных отраслевых источников, ЕИС и тендерных площадок.// Проведение исследований рынка, анализ конкурентов.// Формирование и сопровождение информационных баз данных, витрин данных, управленческих и аналитических отчетов.// Подготовка информационно-аналитических и презентационных материалов.// Участие в автоматизации процессов.// Создание отчетов, дашбордов, презентация результатов анализа.// Подготовка регулярных и ad-hoc аналитических отчетов."
46,Frank RG,Аналитик,от 80 000 руб.,https://hh.ru/vacancy/77814774?from=vacancy_search_list&query=%D0%BF%D1%80%D0%BE%D0%B4%D1%83%D0%BA%D1%82%D0%BE%D0%B2%D1%8B%D0%B9+%D0%B0%D0%BD%D0%B0%D0%BB%D0%B8%D1%82%D0%B8%D0%BA,"Собирать и структурировать данные (качественные и количественные);// Создавать расчетные Excel-модели по заданным вводным, оценивать рынок и рассчитывать ключевые показатели;// Участвовать во встречах с экспертами банковского рынка, помогать в написании обобщающих выводов по итогам интервью;// Участвовать в подготовке отчетов в формате PowerPoint по результатам проведенной исследовательской работы;// Вести коммуникации с клиентами."
47,ООО Автомакон,Аналитик,до 250 000 руб.,https://hh.ru/vacancy/78759238?from=vacancy_search_list&query=%D0%BF%D1%80%D0%BE%D0%B4%D1%83%D0%BA%D1%82%D0%BE%D0%B2%D1%8B%D0%B9+%D0%B0%D0%BD%D0%B0%D0%BB%D0%B8%D1%82%D0%B8%D0%BA,высшее образование;// опыт ведения проектов от 5 лет в качестве бизнес - аналитика \ функционального архитектора;// видение как должен выглядеть курс для обучения и развития бизнес - аналитиков;// умение обучать и наличие такого опыта;// знание типовых продуктов 1С;// знание основных нотаций для описания бизнес-процессов;// знание языка запросов (1С или T-SQL) для выборки данных из таблиц и их анализа;// умение пользоваться Excel;// наличие академических знаний по специальности;// прочтено несколько книг по специализации;// постоянное развитие и чтение профессиональной литературы;// наличие лидерских качеств;// грамотная речь;// ответственность и пунктуальность.
48,Social Media Holding,Преподаватель – бизнес-аналитик,до 120 000 руб.,https://hh.ru/vacancy/78726950?from=vacancy_search_list&query=%D0%BF%D1%80%D0%BE%D0%B4%D1%83%D0%BA%D1%82%D0%BE%D0%B2%D1%8B%D0%B9+%D0%B0%D0%BD%D0%B0%D0%BB%D0%B8%D1%82%D0%B8%D0%BA,"Удаленная работа 5/2 (гибкое начало/конец дня);// Разработка инновационного бизнес-продукта;// Вовлеченная команда друзей;// Активнейший профессиональный (горизонтальный и вертикальный) и финансовый (зп + премии) рост!// Поехать с командой на Бали - наша история!// Минимум бюрократии, движовая команда и возможность воплощать решения и задумки"
49,Виноградова Oльга Вячеславовна,BI аналитик,100 000 – 200 000 руб.,https://hh.ru/vacancy/79356873?from=vacancy_search_list&query=%D0%BF%D1%80%D0%BE%D0%B4%D1%83%D0%BA%D1%82%D0%BE%D0%B2%D1%8B%D0%B9+%D0%B0%D0%BD%D0%B0%D0%BB%D0%B8%D1%82%D0%B8%D0%BA,
50,Frank RG,Аналитик - исследования рынка,от 80 000 руб.,https://hh.ru/vacancy/78896560?from=vacancy_search_list&query=%D0%BF%D1%80%D0%BE%D0%B4%D1%83%D0%BA%D1%82%D0%BE%D0%B2%D1%8B%D0%B9+%D0%B0%D0%BD%D0%B0%D0%BB%D0%B8%D1%82%D0%B8%D0%BA,"Собирать и структурировать данные (качественные и количественные);// Создавать расчетные Excel-модели по заданным вводным, оценивать рынок и рассчитывать ключевые показатели;// Участвовать во встречах с экспертами банковского рынка, помогать в написании обобщающих выводов по итогам интервью;// Участвовать в подготовке отчетов в формате PowerPoint по результатам проведенной исследовательской работы;// Вести коммуникации с клиентами."
51,ИП Панфилов Максим Юрьевич,"Аналитик продаж, отдела продаж, товарный аналитик",60 000 – 100 000 руб.,https://hh.ru/vacancy/78878427?from=vacancy_search_list&query=%D0%BF%D1%80%D0%BE%D0%B4%D1%83%D0%BA%D1%82%D0%BE%D0%B2%D1%8B%D0%B9+%D0%B0%D0%BD%D0%B0%D0%BB%D0%B8%D1%82%D0%B8%D0%BA,Внимательность// Навык работы с большим объемом данных// Умение находить решения// Аналитический склад ума// Продвинутый уровень Excel.// Большим плюсом будет умение составлять отчеты в Power BI
52,ООО БСТ Менеджмент-Консалтинг,Проджект-менеджер по DS проектам,от 60 000 руб.,https://hh.ru/vacancy/79439880?from=vacancy_search_list&query=%D0%BF%D1%80%D0%BE%D0%B4%D1%83%D0%BA%D1%82%D0%BE%D0%B2%D1%8B%D0%B9+%D0%B0%D0%BD%D0%B0%D0%BB%D0%B8%D1%82%D0%B8%D0%BA,
53,Visotsky Inc,Продуктовый маркетолог,1 500 – 2 000 USD,https://hh.ru/vacancy/78444283?from=vacancy_search_list&query=%D0%BF%D1%80%D0%BE%D0%B4%D1%83%D0%BA%D1%82%D0%BE%D0%B2%D1%8B%D0%B9+%D0%B0%D0%BD%D0%B0%D0%BB%D0%B8%D1%82%D0%B8%D0%BA,
54,PUSK,Web аналитик,от 180 000 руб.,https://hh.ru/vacancy/78336355?from=vacancy_search_list&query=%D0%BF%D1%80%D0%BE%D0%B4%D1%83%D0%BA%D1%82%D0%BE%D0%B2%D1%8B%D0%B9+%D0%B0%D0%BD%D0%B0%D0%BB%D0%B8%D1%82%D0%B8%D0%BA,
55,ООО ТУ СОФТ,Продуктовый аналитик,до 130 000 руб.,https://hh.ru/vacancy/79057408?from=vacancy_search_list&query=%D0%BF%D1%80%D0%BE%D0%B4%D1%83%D0%BA%D1%82%D0%BE%D0%B2%D1%8B%D0%B9+%D0%B0%D0%BD%D0%B0%D0%BB%D0%B8%D1%82%D0%B8%D0%BA,"Опыт в продуктовой аналитике от 3-х лет;// Уверенное знание SQL;// Отличное знание когортного анализа;// Хорошее понимание бизнес-показателей: прибыль, маржа, расходы, отток, конверсии и другие;// Проведение А/В тестирований - участие в разработке условий проведения и интерпретации результатов;// Знания систем web-аналитики (GA, Amplitude, Яндекс Метрика)."
56,Saigge,Маркетолог-аналитик / Web-аналитик. Удаленно,42 000 – 90 000 руб.,https://hh.ru/vacancy/78799121?from=vacancy_search_list&query=%D0%BF%D1%80%D0%BE%D0%B4%D1%83%D0%BA%D1%82%D0%BE%D0%B2%D1%8B%D0%B9+%D0%B0%D0%BD%D0%B0%D0%BB%D0%B8%D1%82%D0%B8%D0%BA,Мало заявок// Мало продаж и клиентов// Запуск нового бизнеса с нуля// Нет системы маркетинга и продаж
57,ООО НОВЭЛХИМ,Аналитик Маркетплейса,80 000 – 80 000 руб.,https://hh.ru/vacancy/78562063?from=vacancy_search_list&query=%D0%BF%D1%80%D0%BE%D0%B4%D1%83%D0%BA%D1%82%D0%BE%D0%B2%D1%8B%D0%B9+%D0%B0%D0%BD%D0%B0%D0%BB%D0%B8%D1%82%D0%B8%D0%BA,"Анализ товара для своевременного подсорта;// Анализ продаж, заказов, %выкупа, для корректировки цен;// Учёт прибыльности каждой карточки;// Анализ текущих продаж компании во всех разрезах;// Управление ценовой политикой ассортимента (определение первой цены, утверждение акций, подготовка сегментов скидок, проведение дооценок);// Работа с большим количеством ежедневных заказов и SKU 50+;// Маркетинг/внутренняя реклама на Озон. Оценка эффективности."
58,ООО Автомакон,Маркетолог-аналитик,70 000 – 80 000 руб.,https://hh.ru/vacancy/78954568?from=vacancy_search_list&query=%D0%BF%D1%80%D0%BE%D0%B4%D1%83%D0%BA%D1%82%D0%BE%D0%B2%D1%8B%D0%B9+%D0%B0%D0%BD%D0%B0%D0%BB%D0%B8%D1%82%D0%B8%D0%BA,"работу в аккредитованной ИТ-компании;// возможность удаленной работы, а также в офисе в Москве (м. Румянцево);// официальное оформление с первого дня работы;// поддержка куратора во время адаптации;// внутреннее обучение soft & hard skills, создание индивидуального плана развития;// система бенефитов: компенсация медицинских расходов, возможность беспроцентного займа, компенсация обучения, спортивных занятий и затрат на обучение детей программированию;// богатый опыт сплоченной и профессиональной команды."
59,ООО Альянс Реал Эстейт,Системный аналитик (удаленно),от 200 000 руб.,https://hh.ru/vacancy/78679020?from=vacancy_search_list&query=%D0%BF%D1%80%D0%BE%D0%B4%D1%83%D0%BA%D1%82%D0%BE%D0%B2%D1%8B%D0%B9+%D0%B0%D0%BD%D0%B0%D0%BB%D0%B8%D1%82%D0%B8%D0%BA,
60,ГК КОРТРОС,Продуктовый аналитик,до 190 000 руб.,https://hh.ru/vacancy/77422683?from=vacancy_search_list&query=%D0%BF%D1%80%D0%BE%D0%B4%D1%83%D0%BA%D1%82%D0%BE%D0%B2%D1%8B%D0%B9+%D0%B0%D0%BD%D0%B0%D0%BB%D0%B8%D1%82%D0%B8%D0%BA,Проводить качественные и количественные исследования (R&D);// Находить клиентские боли и предлагать пути для их устранения;// Оцифровывать продуктовые метрики;// Настраивать и поддерживать системы дашбордов;// Участвовать в аналитических проектах в рамках цифровой трансформации.
61,ООО АЙТИ.СПЕЙС,Фуллстек аналитик,200 000 – 320 000 руб.,https://hh.ru/vacancy/78764057?from=vacancy_search_list&query=%D0%BF%D1%80%D0%BE%D0%B4%D1%83%D0%BA%D1%82%D0%BE%D0%B2%D1%8B%D0%B9+%D0%B0%D0%BD%D0%B0%D0%BB%D0%B8%D1%82%D0%B8%D0%BA,
62,AGIMA,Продуктовый/Веб-аналитик (Middle),от 120 000 руб.,https://hh.ru/vacancy/78847606?from=vacancy_search_list&query=%D0%BF%D1%80%D0%BE%D0%B4%D1%83%D0%BA%D1%82%D0%BE%D0%B2%D1%8B%D0%B9+%D0%B0%D0%BD%D0%B0%D0%BB%D0%B8%D1%82%D0%B8%D0%BA,"опыт работы с GA, GA4, Яндекс.Метрикой, Firebase, AppMetrica;// опыт работы с Google Tag Manager (с использованием JavaScript);// опыт работы с BigQuery/другими БД, знание SQL;// опыт работы с GDS/Metabase/PowerBI;// знание и понимание основных показателей эффективности;// умение работать в команде (Scrum, Jira, Confluence)."
63,Группа ПРОДО,Аналитик,до 122 000 руб.,https://hh.ru/vacancy/78950031?from=vacancy_search_list&query=%D0%BF%D1%80%D0%BE%D0%B4%D1%83%D0%BA%D1%82%D0%BE%D0%B2%D1%8B%D0%B9+%D0%B0%D0%BD%D0%B0%D0%BB%D0%B8%D1%82%D0%B8%D0%BA,
64,РБК,Middle Product Analyst / Ведущий продуктовый аналитик в Loveplanet,130 000 – 150 000 руб.,https://hh.ru/vacancy/78961442?from=vacancy_search_list&query=%D0%BF%D1%80%D0%BE%D0%B4%D1%83%D0%BA%D1%82%D0%BE%D0%B2%D1%8B%D0%B9+%D0%B0%D0%BD%D0%B0%D0%BB%D0%B8%D1%82%D0%B8%D0%BA,
65,Teamline Consult,Аналитик данных,от 150 000 руб.,https://hh.ru/vacancy/78691511?from=vacancy_search_list&query=%D0%BF%D1%80%D0%BE%D0%B4%D1%83%D0%BA%D1%82%D0%BE%D0%B2%D1%8B%D0%B9+%D0%B0%D0%BD%D0%B0%D0%BB%D0%B8%D1%82%D0%B8%D0%BA,
66,Boxberry: Офис,Продуктовый маркетолог,90 000 – 100 000 руб.,https://hh.ru/vacancy/78989453?from=vacancy_search_list&query=%D0%BF%D1%80%D0%BE%D0%B4%D1%83%D0%BA%D1%82%D0%BE%D0%B2%D1%8B%D0%B9+%D0%B0%D0%BD%D0%B0%D0%BB%D0%B8%D1%82%D0%B8%D0%BA,
67,Arris (ИП Лебедев Иван Сергеевич),Товарный аналитик/Категорийный менеджер (e-commerce),от 80 000 руб.,https://hh.ru/vacancy/78877677?from=vacancy_search_list&query=%D0%BF%D1%80%D0%BE%D0%B4%D1%83%D0%BA%D1%82%D0%BE%D0%B2%D1%8B%D0%B9+%D0%B0%D0%BD%D0%B0%D0%BB%D0%B8%D1%82%D0%B8%D0%BA,
68,Сбер для экспертов,Старший кредитный аналитик (малый бизнес),от 146 400 руб.,https://hh.ru/vacancy/75333122?from=vacancy_search_list&query=%D0%BF%D1%80%D0%BE%D0%B4%D1%83%D0%BA%D1%82%D0%BE%D0%B2%D1%8B%D0%B9+%D0%B0%D0%BD%D0%B0%D0%BB%D0%B8%D1%82%D0%B8%D0%BA,
69,YouGile,Тестировщик / QA Engineer,от 120 000 руб.,https://hh.ru/vacancy/79586767?from=vacancy_search_list&query=%D0%BF%D1%80%D0%BE%D0%B4%D1%83%D0%BA%D1%82%D0%BE%D0%B2%D1%8B%D0%B9+%D0%B0%D0%BD%D0%B0%D0%BB%D0%B8%D1%82%D0%B8%D0%BA,"Наличие ОС Windows// Знание методов и методик тестирования// Опыт тестирования web-приложений (frontend & backend)// Способность отыскивать сложные баги, которые никто больше не может обнаружить// Умение посмотреть глазами пользователя и выявить недостатки фичей// Дотошность и внимание к мелочам"
70,ООО МедЗнания,Интернет-маркетолог,от 80 000 руб.,https://hh.ru/vacancy/75534937?from=vacancy_search_list&query=%D0%BF%D1%80%D0%BE%D0%B4%D1%83%D0%BA%D1%82%D0%BE%D0%B2%D1%8B%D0%B9+%D0%B0%D0%BD%D0%B0%D0%BB%D0%B8%D1%82%D0%B8%D0%BA,"опыт работы на аналогичной или смежной должности от 1 года.// навык создания продающих материалов, новостей, рассылок и т.д.// уверенное знание маркетинговой аналитики.// знание ключевых маркетинговых метрик.// знание CRM систем.// подтвержденный кейсами опыт влияния на результаты проектов."
71,NodaSoft,Специалист технической поддержки (удаленно),от 95 000 руб.,https://hh.ru/vacancy/78852096?from=vacancy_search_list&query=%D0%BF%D1%80%D0%BE%D0%B4%D1%83%D0%BA%D1%82%D0%BE%D0%B2%D1%8B%D0%B9+%D0%B0%D0%BD%D0%B0%D0%BB%D0%B8%D1%82%D0%B8%D0%BA,решение технических вопросов// качественные консультации клиентов по продукту// аналитика поступающих запросов на расширение функционала
72,АО Рут Код,Программист-разработчик 1С,от 150 000 руб.,https://hh.ru/vacancy/77143829?from=vacancy_search_list&query=%D0%BF%D1%80%D0%BE%D0%B4%D1%83%D0%BA%D1%82%D0%BE%D0%B2%D1%8B%D0%B9+%D0%B0%D0%BD%D0%B0%D0%BB%D0%B8%D1%82%D0%B8%D0%BA,
73,БейсикДекор,SMM-менеджер,от 80 000 руб.,https://hh.ru/vacancy/79312398?from=vacancy_search_list&query=%D0%BF%D1%80%D0%BE%D0%B4%D1%83%D0%BA%D1%82%D0%BE%D0%B2%D1%8B%D0%B9+%D0%B0%D0%BD%D0%B0%D0%BB%D0%B8%D1%82%D0%B8%D0%BA,"Искренняя заинтересованность в развитии социальных сетей и себя, как специалиста в этой области;// Хорошие навыки работы в фото/видео-редакторах (важно);// Отличный уровень владения русским языком, умение грамотно излагать свои мысли в устной и письменной форме;// Ответственность, идейность, креативность, инициативность! Мы поощряем любые попытки в поиске новых идей и методов продвижения, даже если окажутся неудачными;// Хорошее чувство вкуса - умение находить интересные и красивые вещи в обыденных процессах;// Понимание алгоритмов работы социальных сетей."
74,ИП Найдович Злата Павловна,Менеджер аналитик-маркетолог по работе с маркетплейсом Wildberries,30 000 – 300 000 руб.,https://hh.ru/vacancy/79008195?from=vacancy_search_list&query=%D0%BF%D1%80%D0%BE%D0%B4%D1%83%D0%BA%D1%82%D0%BE%D0%B2%D1%8B%D0%B9+%D0%B0%D0%BD%D0%B0%D0%BB%D0%B8%D1%82%D0%B8%D0%BA,"Управление товарным запасом: рассчитывать план и формировать заказы к обеспечению (взаимодействие с отделом производства), не допуская sold out.// Расчет акций и загрузка цен на портал;// Управление ценообразованием (unit экономика, расчет выгодности участия в акциях, скидки и т.д.) контроль остатков;// Сортиментный и конкурентный анализ (мониторинг цен, ежедневный анализ продаж (наших и конкурентов) принятие решения о снижении/повышении цен, А/Б тест контента, SEO анализ по ключам наших и конкурентов.// Запуск рекламных компаний в поиске, карточки товара и контроль пополнения бюджета;// Создание новых карточек (вывод новых продуктов на рынок от создания до продаж от А до Я);// Постоянный а/б тест контента, направленный на повышение CTR, постановка ТЗ для дизайнеров; контроль выполнения задачи согласно ТЗ.// Работа с отзывами и вопросами покупателей (доработка продукта, карточек товара);// Подготовка аналитических отчетов (выводов) вытекающих из анализа данных."
75,КИСЕЛЕВ ГРУПП,Бизнес-аналитик (Специалист по внедрению Битрикс24/amoCRM),80 000 – 140 000 руб.,https://hh.ru/vacancy/79132615?from=vacancy_search_list&query=%D0%BF%D1%80%D0%BE%D0%B4%D1%83%D0%BA%D1%82%D0%BE%D0%B2%D1%8B%D0%B9+%D0%B0%D0%BD%D0%B0%D0%BB%D0%B8%D1%82%D0%B8%D0%BA,"проводим бизнес-анализ клиенту, выявляем слабые места в компании, даем рекомендации;// настраиваем инструменты нашего продукта для следующих целей - для автоматизации различных процессов, для увеличения количества и качества продаж, для прозрачной работы отделов, для удобного контроля руководителем всего, что происходит внутри компании, для сплочения коллектива за счет единого пространства общения и новостей;// обучаем и адаптируем сотрудников и руководителей работать с новыми инструментами регулярно, легко и понятно;// интегрируем (""стыкуем"" / ""дружим"") другие системы с Битрикс24 под индивидуальные запросы клиентов (например 1С, Авито, Государственные реестры)."
76,BINET.PRO,Маркетолог (онлайн-школа),60 000 – 80 000 руб.,https://hh.ru/vacancy/78961809?from=vacancy_search_list&query=%D0%BF%D1%80%D0%BE%D0%B4%D1%83%D0%BA%D1%82%D0%BE%D0%B2%D1%8B%D0%B9+%D0%B0%D0%BD%D0%B0%D0%BB%D0%B8%D1%82%D0%B8%D0%BA,"Удаленную работу: возможность работать в любом удобном месте;// Возможность управлять своим временем максимально эффективно без жесткого контроля со стороны руководства - мы ждем коллег с высоким уровнем самоорганизации и ответственности;// Выплаты заработной платы 2 раза в месяц;// Полная занятость, график работы – 5/2 с 9 до 18 МСК;// Отсутствие бюрократии, только эффективно выстроенные бизнес-процессы;// Возможность работать с сильной командой и руководством в Школе, которая находится на этапе активного масштабирования."
77,Like Центр,Продуктовый маркетолог / Продюсер мероприятий (продукта),110 000 – 145 000 руб.,https://hh.ru/vacancy/79653850?from=vacancy_search_list&query=%D0%BF%D1%80%D0%BE%D0%B4%D1%83%D0%BA%D1%82%D0%BE%D0%B2%D1%8B%D0%B9+%D0%B0%D0%BD%D0%B0%D0%BB%D0%B8%D1%82%D0%B8%D0%BA,
78,Тесуджи,Бизнес-аналитик,от 150 000 руб.,https://hh.ru/vacancy/79235256?from=vacancy_search_list&query=%D0%BF%D1%80%D0%BE%D0%B4%D1%83%D0%BA%D1%82%D0%BE%D0%B2%D1%8B%D0%B9+%D0%B0%D0%BD%D0%B0%D0%BB%D0%B8%D1%82%D0%B8%D0%BA,
79,ООО Диджитал Лайн,Web product analyst,от 120 000 руб.,https://hh.ru/vacancy/73996005?from=vacancy_search_list&query=%D0%BF%D1%80%D0%BE%D0%B4%D1%83%D0%BA%D1%82%D0%BE%D0%B2%D1%8B%D0%B9+%D0%B0%D0%BD%D0%B0%D0%BB%D0%B8%D1%82%D0%B8%D0%BA,"Готовность выполнить тестовое задание;// Технический и аналитический склад ума;// Опыт работы в аналогичной должности от 2 лет;// Полная самостоятельность в работе;// Уверенные знания веб-аналитики и опыт работы с одной или несколькими системами (Google Analytics, Amplitude и др. аналоги);// Опыт в продуктовых практиках cjm, design research, custDev, job stories и пр. (желательно);// Базовое понимание HTML/CSS/JS/Консоль разработчика;// Понимание трендов веб-дизайна и UX/UI;// Английский язык не ниже B1;// Работа с системами аналитики для мобильных приложений;// Базовые навыки SQL, Python(Pandas, Numpy) - как преимущество."
80,ИП Латышев Григорий Олегович,Аналитик по продажам продукции с опытом Маркетплейсов WILDBERRIES (WB) / OZON,40 000 – 75 000 руб.,https://hh.ru/vacancy/78827659?from=vacancy_search_list&query=%D0%BF%D1%80%D0%BE%D0%B4%D1%83%D0%BA%D1%82%D0%BE%D0%B2%D1%8B%D0%B9+%D0%B0%D0%BD%D0%B0%D0%BB%D0%B8%D1%82%D0%B8%D0%BA,
81,Frank RG,Младший аналитик,50 000 – 80 000 руб.,https://hh.ru/vacancy/78372740?from=vacancy_search_list&query=%D0%BF%D1%80%D0%BE%D0%B4%D1%83%D0%BA%D1%82%D0%BE%D0%B2%D1%8B%D0%B9+%D0%B0%D0%BD%D0%B0%D0%BB%D0%B8%D1%82%D0%B8%D0%BA,"Собирать и структурировать данные (качественные и количественные);// Создавать расчетные Excel-модели по заданным вводным, оценивать рынок и рассчитывать ключевые показатели;// Участвовать во встречах с экспертами банковского рынка, помогать в написании обобщающих выводов по итогам интервью;// Участвовать в подготовке отчетов в формате PowerPoint по результатам проведенной исследовательской работы;// Вести коммуникации с клиентами."
82,AgileConsult,Аналитик (бизнес + системный),от 150 000 руб.,https://hh.ru/vacancy/78852762?from=vacancy_search_list&query=%D0%BF%D1%80%D0%BE%D0%B4%D1%83%D0%BA%D1%82%D0%BE%D0%B2%D1%8B%D0%B9+%D0%B0%D0%BD%D0%B0%D0%BB%D0%B8%D1%82%D0%B8%D0%BA,Анализ запросов потенциальных клиентов на возможность и способы их реализации.// Оценка стоимости проектов;// Подготовка техзаданий по проектам;
83,ADVANTA,"Ассистент/аналитик в отдел продаж (B2B, IT)",от 60 000 руб.,https://hh.ru/vacancy/79616466?from=vacancy_search_list&query=%D0%BF%D1%80%D0%BE%D0%B4%D1%83%D0%BA%D1%82%D0%BE%D0%B2%D1%8B%D0%B9+%D0%B0%D0%BD%D0%B0%D0%BB%D0%B8%D1%82%D0%B8%D0%BA,
84,ООО Рукс Солюшенс,Системный аналитик,200 000 – 350 000 руб.,https://hh.ru/vacancy/79118269?from=vacancy_search_list&query=%D0%BF%D1%80%D0%BE%D0%B4%D1%83%D0%BA%D1%82%D0%BE%D0%B2%D1%8B%D0%B9+%D0%B0%D0%BD%D0%B0%D0%BB%D0%B8%D1%82%D0%B8%D0%BA,
85,ООО МАКСБИТСОЛЮШЕН,Product manager,от 300 000 руб.,https://hh.ru/vacancy/78591068?from=vacancy_search_list&query=%D0%BF%D1%80%D0%BE%D0%B4%D1%83%D0%BA%D1%82%D0%BE%D0%B2%D1%8B%D0%B9+%D0%B0%D0%BD%D0%B0%D0%BB%D0%B8%D1%82%D0%B8%D0%BA,
86,Fundraise Up,Business/System Analyst,2 500 – 4 000 USD,https://hh.ru/vacancy/79105274?from=vacancy_search_list&query=%D0%BF%D1%80%D0%BE%D0%B4%D1%83%D0%BA%D1%82%D0%BE%D0%B2%D1%8B%D0%B9+%D0%B0%D0%BD%D0%B0%D0%BB%D0%B8%D1%82%D0%B8%D0%BA,"Мы строим сильную команду людей с горящими глазами. У каждого свой опыт, которым он охотно делится.// У нас нет ветвистой иерархии, все люди доступны на расстоянии zoom-звонка. В компании открыта почти вся финансовая статистика, мы регулярно рассказываем как устроен продукт, продажи, саппорт, откуда появляются клиенты и деньги, что интересного случилось и т.д.// Мы верим в долгие отношения и выдаем сотрудникам сток-опции. Компания хорошо растет — только за прошлый год мы вырастили метрики в 3 раза. Если у нас все получится, эти опции превратятся в сумму, сопоставимую с зарплатой за 10 лет."
87,Альянс ТМК,Маркетолог-аналитик по работе с маркетплейсами,172 413 – 172 413 руб.,https://hh.ru/vacancy/79440997?from=vacancy_search_list&query=%D0%BF%D1%80%D0%BE%D0%B4%D1%83%D0%BA%D1%82%D0%BE%D0%B2%D1%8B%D0%B9+%D0%B0%D0%BD%D0%B0%D0%BB%D0%B8%D1%82%D0%B8%D0%BA,
88,Quantum Art,Системный аналитик,120 000 – 180 000 руб.,https://hh.ru/vacancy/78844575?from=vacancy_search_list&query=%D0%BF%D1%80%D0%BE%D0%B4%D1%83%D0%BA%D1%82%D0%BE%D0%B2%D1%8B%D0%B9+%D0%B0%D0%BD%D0%B0%D0%BB%D0%B8%D1%82%D0%B8%D0%BA,"Аналитическое мышление;// Высокий уровень самоорганизации;// Опыт разработки проектной документации (техническое задание, функциональная спецификация, эксплуатационная документация);// Опыт в проектах по разработке приложений;// Опыт работы с Jira и Confluence;// Уверенные навыки коммуникации;// Понимание принципов работы мобильных и веб приложений."
89,Frank RG,Младший аналитик - исследование рынка,50 000 – 80 000 руб.,https://hh.ru/vacancy/78896323?from=vacancy_search_list&query=%D0%BF%D1%80%D0%BE%D0%B4%D1%83%D0%BA%D1%82%D0%BE%D0%B2%D1%8B%D0%B9+%D0%B0%D0%BD%D0%B0%D0%BB%D0%B8%D1%82%D0%B8%D0%BA,"Собирать и структурировать данные (качественные и количественные);// Создавать расчетные Excel-модели по заданным вводным, оценивать рынок и рассчитывать ключевые показатели;// Участвовать во встречах с экспертами банковского рынка, помогать в написании обобщающих выводов по итогам интервью;// Участвовать в подготовке отчетов в формате PowerPoint по результатам проведенной исследовательской работы;// Вести коммуникации с клиентами."
90,Mindbox,Business analyst / System analyst,150 000 – 220 000 руб.,https://hh.ru/vacancy/54012112?from=vacancy_search_list&query=%D0%BF%D1%80%D0%BE%D0%B4%D1%83%D0%BA%D1%82%D0%BE%D0%B2%D1%8B%D0%B9+%D0%B0%D0%BD%D0%B0%D0%BB%D0%B8%D1%82%D0%B8%D0%BA,
91,КИБЕР-РОМ,Системный аналитик,200 000 – 300 000 руб.,https://hh.ru/vacancy/73723954?from=vacancy_search_list&query=%D0%BF%D1%80%D0%BE%D0%B4%D1%83%D0%BA%D1%82%D0%BE%D0%B2%D1%8B%D0%B9+%D0%B0%D0%BD%D0%B0%D0%BB%D0%B8%D1%82%D0%B8%D0%BA,"Опыт работы с микросервисной архитектурой;// Опыт написания и согласования функциональных требований, нефункциональных требований, технических заданий;// Уверенное знание UML;// Знание принципов построения ИТ систем;// Опыт работы с JIRA и Confluence;// Опыт работы в командах, использующих гибкие методологии разработки;// Системность мышления, оценка влияния на смежные бизнес-процессы/системы;// Критический взгляд + коммуникабельность."
92,ООО Аналитика Бизнеса,Руководитель отдела продаж/ начальник отдела продаж,от 200 000 руб.,https://hh.ru/vacancy/78613218?from=vacancy_search_list&query=%D0%BF%D1%80%D0%BE%D0%B4%D1%83%D0%BA%D1%82%D0%BE%D0%B2%D1%8B%D0%B9+%D0%B0%D0%BD%D0%B0%D0%BB%D0%B8%D1%82%D0%B8%D0%BA,"Руководство менеджерами по продажам (работа строится на холодных звонках);// Выполнение плановых показателей отдела;// Ведение и анализ отчетности работы отдела;// Контроль за соблюдением дисциплины и регламентов компании;// Контроль качества обслуживания клиентов (мониторинг звонков и встреч);// Предоставление обратной связи и проведение брифингов с менеджерами;// Обучение и адаптация новых сотрудников;// Разработка и проведение мотивационных мероприятий;// Обеспечение своевременного решения проблемных/конфликтных ситуаций с клиентами;// Участие в оптимизации бизнес-процессов, написание скриптов и правил работы."
93,Scalaxi,Системный аналитик,от 180 000 руб.,https://hh.ru/vacancy/79548723?from=vacancy_search_list&query=%D0%BF%D1%80%D0%BE%D0%B4%D1%83%D0%BA%D1%82%D0%BE%D0%B2%D1%8B%D0%B9+%D0%B0%D0%BD%D0%B0%D0%BB%D0%B8%D1%82%D0%B8%D0%BA,
94,KR Digital,Ведущий аналитик проектных процессов,250 000 – 350 000 руб.,https://hh.ru/vacancy/79660654?from=vacancy_search_list&query=%D0%BF%D1%80%D0%BE%D0%B4%D1%83%D0%BA%D1%82%D0%BE%D0%B2%D1%8B%D0%B9+%D0%B0%D0%BD%D0%B0%D0%BB%D0%B8%D1%82%D0%B8%D0%BA,
95,Admire,Product manager,до 160 000 руб.,https://hh.ru/vacancy/79416914?from=vacancy_search_list&query=%D0%BF%D1%80%D0%BE%D0%B4%D1%83%D0%BA%D1%82%D0%BE%D0%B2%D1%8B%D0%B9+%D0%B0%D0%BD%D0%B0%D0%BB%D0%B8%D1%82%D0%B8%D0%BA,
96,ООО Феникс,Product Owner,200 000 – 250 000 руб.,https://hh.ru/vacancy/79103948?from=vacancy_search_list&query=%D0%BF%D1%80%D0%BE%D0%B4%D1%83%D0%BA%D1%82%D0%BE%D0%B2%D1%8B%D0%B9+%D0%B0%D0%BD%D0%B0%D0%BB%D0%B8%D1%82%D0%B8%D0%BA,"опыт самостоятельной разработки и согласования продуктовых документов;// опыт описания бизнес/функциональных процессов «с нуля»;// знание основ методологии;// понимание принципов продуктовой аналитики;// опыт работы с кредитными конвейерами не менее 1-го года, как плюс."
97,АО МЦ-Сервис Инжиниринг,Системный аналитик (удаленно),100 000 – 140 000 руб.,https://hh.ru/vacancy/71237602?from=vacancy_search_list&query=%D0%BF%D1%80%D0%BE%D0%B4%D1%83%D0%BA%D1%82%D0%BE%D0%B2%D1%8B%D0%B9+%D0%B0%D0%BD%D0%B0%D0%BB%D0%B8%D1%82%D0%B8%D0%BA,
98,Платформа ОФД,Бизнес/ Системный аналитик,120 000 – 150 000 руб.,https://hh.ru/vacancy/79279451?from=vacancy_search_list&query=%D0%BF%D1%80%D0%BE%D0%B4%D1%83%D0%BA%D1%82%D0%BE%D0%B2%D1%8B%D0%B9+%D0%B0%D0%BD%D0%B0%D0%BB%D0%B8%D1%82%D0%B8%D0%BA,
99,ООО Финбро,Аналитик рекламной монетизации / Media buyer / UA менеджер,70 000 – 300 000 руб.,https://hh.ru/vacancy/79583301?from=vacancy_search_list&query=%D0%BF%D1%80%D0%BE%D0%B4%D1%83%D0%BA%D1%82%D0%BE%D0%B2%D1%8B%D0%B9+%D0%B0%D0%BD%D0%B0%D0%BB%D0%B8%D1%82%D0%B8%D0%BA,
